timestamp,vibration,temperature,pressure
2024-01-01 00:00:00,0.10496714153011233,45.4198066309758,101.23248217250256
2024-01-01 00:01:00,0.0989173536549715,45.28989009445718,101.28638145638524
2024-01-01 00:02:00,0.1070768587148736,45.042889027643135,101.22242459555503
2024-01-01 00:03:00,0.11613020856813017,44.8434186854415,101.27170358037478
2024-01-01 00:04:00,0.09885825293649932,45.259466327430744,101.11397123456167
2024-01-01 00:05:00,0.09915821381592176,45.18054431358388,101.32549480290464
2024-01-01 00:06:00,0.11759140828466282,45.34355571610956,101.30511841437355
2024-01-01 00:07:00,0.10977320423827976,45.27804796780676,101.22412108294104
2024-01-01 00:08:00,0.09770355002003393,45.41486048168911,101.3725861774389
2024-01-01 00:09:00,0.10812317141981986,44.951921843550664,101.40124981505855
2024-01-01 00:10:00,0.09836249140481194,45.52020780432564,101.14756747254778
2024-01-01 00:11:00,0.09863826848104093,45.19676601892125,101.23288104666531
2024-01-01 00:12:00,0.10601386686143875,45.7725602650273,101.2330687038151
2024-01-01 00:13:00,0.08475988040581592,44.95572077399053,101.21682133260465
2024-01-01 00:14:00,0.08694168396775441,45.69576056461834,101.3945870614269
2024-01-01 00:15:00,0.09886588735706227,45.24683808867516,101.29308406945209
2024-01-01 00:16:00,0.09465805292894068,45.00453194590025,101.28684141788906
2024-01-01 00:17:00,0.10822612030729267,45.06728309118492,101.11373193792251
2024-01-01 00:18:00,0.09630035071330438,45.128835082140704,101.3784842444787
2024-01-01 00:19:00,0.0915541408861771,45.364678368237854,101.19183980496246
2024-01-01 00:20:00,0.12062987430511678,45.40676735473407,101.32258098755109
2024-01-01 00:21:00,0.10401143499205664,45.09029358323287,101.34514631672467
2024-01-01 00:22:00,0.10723987450849662,45.26758277274029,101.45429414053845
2024-01-01 00:23:00,0.0926120686085692,45.930054451780386,101.18816460003852
2024-01-01 00:24:00,0.10171022528329086,45.818119054674675,101.01791242574076
2024-01-01 00:25:00,0.10855730508218914,45.44323446759483,101.33906418101404
2024-01-01 00:26:00,0.09623167526362009,45.33621811476031,101.50154445527876
2024-01-01 00:27:00,0.11179160891723333,45.373304553519155,101.44620054997912
2024-01-01 00:28:00,0.10232072607209423,45.53382694914124,101.34408284240202
2024-01-01 00:29:00,0.10570210700416394,45.05540844529574,101.2747626188668
2024-01-01 00:30:00,0.10289333801093282,45.297506105009795,101.40544612582273
2024-01-01 00:31:00,0.12772395457395824,44.8866148274823,101.2281851089745
2024-01-01 00:32:00,0.10935635896494302,45.5194260400887,101.37397954468531
2024-01-01 00:33:00,0.09920375127833837,45.60628494740606,101.37769294053284
2024-01-01 00:34:00,0.11829519096384818,45.27963523584369,101.43396713242085
2024-01-01 00:35:00,0.09814951964939882,45.909250097783804,101.60471036501798
2024-01-01 00:36:00,0.11273412061554937,45.08178508781221,101.3687821220033
2024-01-01 00:37:00,0.09133560740050149,45.022660802701076,101.27943821396883
2024-01-01 00:38:00,0.09793654889927535,45.54176499305625,101.32856902615694
2024-01-01 00:39:00,0.11347238066115448,45.80101275826486,101.15500851988952
2024-01-01 00:40:00,0.11917303264612712,46.00451297283489,101.2632321651198
2024-01-01 00:41:00,0.11378586937158817,45.374118301091706,101.29256025989955
2024-01-01 00:42:00,0.111198726237309,45.847834199952445,101.28186228991936
2024-01-01 00:43:00,0.10962637909269134,45.52512117330018,101.3502867864326
2024-01-01 00:44:00,0.09813356939764573,45.49732662155819,101.25358696212567
2024-01-01 00:45:00,0.10600086859827752,45.826651162311876,101.44870710806471
2024-01-01 00:46:00,0.10887257442971254,45.76968562529162,101.33739720695591
2024-01-01 00:47:00,0.12432894796977052,45.11350384566094,101.33721624409198
2024-01-01 00:48:00,0.11747176640651429,46.04181341813133,101.30612384047193
2024-01-01 00:49:00,0.09668211620979583,46.02530556863852,101.35519662028966
2024-01-01 00:50:00,0.11782935046603202,45.43603316917441,101.42294876582598
2024-01-01 00:51:00,0.11101272213349497,45.754863764348414,101.25448439685708
2024-01-01 00:52:00,0.10836838275381515,45.7967493318309,101.27614128427084
2024-01-01 00:53:00,0.12152742971250562,45.73915676382193,101.31233282493173
2024-01-01 00:54:00,0.1259927150580218,45.50827417219079,101.2088677543077
2024-01-01 00:55:00,0.12526654576977517,45.48428645809664,101.26227534821358
2024-01-01 00:56:00,0.10783154872619127,45.69051160298463,101.29732214765667
2024-01-01 00:57:00,0.11340051721616724,46.06239743142546,101.43312301195387
2024-01-01 00:58:00,0.12007311304987311,45.88605615893075,101.3726767885956
2024-01-01 00:59:00,0.12678267172947927,45.62418562543599,101.36651285662825
2024-01-01 01:00:00,0.11250110708944783,45.979269716525174,101.43297346467851
2024-01-01 01:01:00,0.11570075943537145,44.90558380141561,101.33487283110846
2024-01-01 01:02:00,0.10675735347068582,46.117159028333354,101.38837932044056
2024-01-01 01:03:00,0.1061208289180387,45.262994101980375,101.33972991531866
2024-01-01 01:04:00,0.12646916705118982,45.68855099788712,101.3773039561922
2024-01-01 01:05:00,0.13216612840042904,45.47375342454066,101.2932038075796
2024-01-01 01:06:00,0.11814223582366534,45.43361707148116,101.10830617718555
2024-01-01 01:07:00,0.12915504871965144,46.18263262115051,101.33946441035245
2024-01-01 01:08:00,0.12299222073084573,45.706433185676836,101.4958677340942
2024-01-01 01:09:00,0.11317954609838812,45.96304950314311,101.44691116161727
2024-01-01 01:10:00,0.12349830979983796,45.85737273006398,101.45152212457032
2024-01-01 01:11:00,0.1355170410850904,46.02690743078483,101.479284203808
2024-01-01 01:12:00,0.12002943304832996,45.91918368395562,101.36522159420443
2024-01-01 01:13:00,0.13628382925821403,45.523576979981875,101.37676800464118
2024-01-01 01:14:00,0.09468830719166546,46.21968776181662,101.29594768599006
2024-01-01 01:15:00,0.12935180024421894,45.785009289594626,101.32677782211815
2024-01-01 01:16:00,0.12224889958459274,45.478485665108565,101.42063019334073
2024-01-01 01:17:00,0.11863263126788846,45.82934502008398,101.4801051792691
2024-01-01 01:18:00,0.12278319614936323,46.42032214475187,101.34643140000065
2024-01-01 01:19:00,0.10223137630234323,46.23747061703817,101.31601197640414
2024-01-01 01:20:00,0.12015040293961535,45.89011353083196,101.36173410607192
2024-01-01 01:21:00,0.1261568692025203,45.902232068889866,101.42244787322355
2024-01-01 01:22:00,0.1376018570419531,45.92281414862699,101.21858303478085
2024-01-01 01:23:00,0.11787592523946279,46.65461936026106,101.13398711833823
2024-01-01 01:24:00,0.11520792637048533,46.158460862199256,101.30918355463501
2024-01-01 01:25:00,0.1185080376669605,46.18517288502903,101.24279330128736
2024-01-01 01:26:00,0.1329108724349263,46.37752043742416,101.31467305666884
2024-01-01 01:27:00,0.12727408983710697,46.152341948391275,101.35132675547663
2024-01-01 01:28:00,0.118917175540309,46.01525708878679,101.32139278607504
2024-01-01 01:29:00,0.12957410928167004,46.04632398542496,101.51257229927816
2024-01-01 01:30:00,0.12563731368603007,46.096002389231394,101.40060297113924
2024-01-01 01:31:00,0.1345765246991279,46.11856448594997,101.39857386046238
2024-01-01 01:32:00,0.1180915014619538,46.36026291657386,101.4313400009056
2024-01-01 01:33:00,0.12205577735169787,46.16979516646501,101.25582372032939
2024-01-01 01:34:00,0.12163008047678073,46.3862351658542,101.47420079171782
2024-01-01 01:35:00,0.11113316061446628,46.154454249556906,101.3632905523382
2024-01-01 01:36:00,0.12894503413666575,46.21448014486557,101.43848714999659
2024-01-01 01:37:00,0.1288082669885679,45.6036439743647,101.26482016386493
2024-01-01 01:38:00,0.12646108197626402,46.49021124649632,101.21719145366642
2024-01-01 01:39:00,0.12427464823825896,46.33146236840488,101.4549123361972
2024-01-01 01:40:00,0.11267571227565379,46.53911580226,101.41131491322369
2024-01-01 01:41:00,0.12283018366470672,45.38302710670387,101.28401389879734
2024-01-01 01:42:00,0.12381501527371958,46.89060103487568,101.28779229667622
2024-01-01 01:43:00,0.11942320709155589,46.2343905360715,101.48783604456514
2024-01-01 01:44:00,0.1260352274282067,46.62089491394312,101.25687970295262
2024-01-01 01:45:00,0.13188897308002573,45.98863472419924,101.54061083277314
2024-01-01 01:46:00,0.14690896865900505,46.4965988421212,101.2867983828327
2024-01-01 01:47:00,0.12998978821381202,46.00889585076225,101.44121079615381
2024-01-01 01:48:00,0.1310146600449266,46.14993730761782,101.3450150868194
2024-01-01 01:49:00,0.12788807913132808,46.923418451412296,101.43869514712847
2024-01-01 01:50:00,0.10963643504823829,46.30413889423633,101.32445856783866
2024-01-01 01:51:00,0.1287488349591088,46.438701512055566,101.3630782917184
2024-01-01 01:52:00,0.12980431094294037,46.64661341816707,101.3839311204926
2024-01-01 01:53:00,0.15402066491242938,46.54641247439737,101.28009604072675
2024-01-01 01:54:00,0.12764906027450645,46.45494169591006,101.45486672356411
2024-01-01 01:55:00,0.13277075222854653,46.53140569608169,101.32992631136865
2024-01-01 01:56:00,0.1295889444783829,47.15503664396742,101.35884488893534
2024-01-01 01:57:00,0.1184282315785274,46.42881405205504,101.28272094637923
2024-01-01 01:58:00,0.14172034839331063,46.518510225470884,101.12636726998181
2024-01-01 01:59:00,0.13798670967185106,46.785450696051655,101.36393631828432
2024-01-01 02:00:00,0.138551101189775,46.813979016584916,101.6247327603412
2024-01-01 02:01:00,0.12171844548312034,46.85049012979757,101.4623573941303
2024-01-01 02:02:00,0.14500993023574232,46.698052796659,101.38239025690854
2024-01-01 02:03:00,0.11713126541071114,46.17557778732355,101.35844008302456
2024-01-01 02:04:00,0.1371842509269935,47.020547039958984,101.38738212724
2024-01-01 02:05:00,0.15338424864521152,46.198645018564626,101.44024728215672
2024-01-01 02:06:00,0.12173644358050344,46.64536301854284,101.26784734246327
2024-01-01 02:07:00,0.12613903981566613,46.340306002172106,101.49774742779057
2024-01-01 02:08:00,0.1329568308566609,46.5593562167033,101.45823336576609
2024-01-01 02:09:00,0.12708194474295947,46.68922794234807,101.45888708514985
2024-01-01 02:10:00,0.11676452939768255,46.699000367503096,101.43128262846373
2024-01-01 02:11:00,0.13310932878031495,46.741155847935296,101.38975648748965
2024-01-01 02:12:00,0.12195126486510427,47.11067180670431,101.45543389937647
2024-01-01 02:13:00,0.13745889186477273,46.77458985681824,101.44767529222658
2024-01-01 02:14:00,0.12367544849156836,46.57724600293109,101.35342902223968
2024-01-01 02:15:00,0.1485138112067086,46.951674808850356,101.3318052046358
2024-01-01 02:16:00,0.12532475912534397,47.03123765868662,101.39967633716334
2024-01-01 02:17:00,0.13007754606591554,46.31805416121709,101.54471104893722
2024-01-01 02:18:00,0.14157224278114391,46.877488612065946,101.26620961644188
2024-01-01 02:19:00,0.12126537313188598,46.92054454245884,101.24367201566338
2024-01-01 02:20:00,0.1359835939458105,46.632839792610845,101.40719773686254
2024-01-01 02:21:00,0.1469134295631013,47.14672895876129,101.39610039026664
2024-01-01 02:22:00,0.11789820291142213,46.70090020940101,101.40862857559256
2024-01-01 02:23:00,0.13594842979206662,46.79548164439003,101.41596530496274
2024-01-01 02:24:00,0.13682799490631797,46.71777078870057,101.36951808819671
2024-01-01 02:25:00,0.1421724885385249,46.786241435606115,101.54108570433284
2024-01-01 02:26:00,0.12210786015945209,46.464552291433286,101.23226269393741
2024-01-01 02:27:00,0.12139392086470886,46.373278313040665,101.30974977162036
2024-01-01 02:28:00,0.1399370325469218,47.29549547478156,101.38251299822532
2024-01-01 02:29:00,0.13780460177319473,46.57489750073236,101.22875117825077
2024-01-01 02:30:00,0.13745482823553987,46.54340167517478,101.37570875651836
2024-01-01 02:31:00,0.13852753154492073,46.20662730024761,101.55965787141537
2024-01-01 02:32:00,0.12837395566372675,46.67277219824843,101.39580864998743
2024-01-01 02:33:00,0.13760589587703956,46.47934156125945,101.41699169496174
2024-01-01 02:34:00,0.1383212413450964,47.38067216735459,101.26809915683917
2024-01-01 02:35:00,0.12835216110352346,47.20280316447609,101.33266591640796
2024-01-01 02:36:00,0.1542565795160469,46.705194606046895,101.35696120741628
2024-01-01 02:37:00,0.14043832286775457,47.59914333215598,101.36288045822283
2024-01-01 02:38:00,0.12388611795794832,47.22970628230628,101.52297977423413
2024-01-01 02:39:00,0.14246184838902412,46.84948238741494,101.45074020254151
2024-01-01 02:40:00,0.1262446553585569,46.20885633098769,101.2839732482683
2024-01-01 02:41:00,0.14395547872585235,47.65769809327677,101.4199096862584
2024-01-01 02:42:00,0.14776175065948452,46.56527184715599,101.44521373622666
2024-01-01 02:43:00,0.12805813630403554,46.50024317521271,101.50953097859497
2024-01-01 02:44:00,0.1459858889188267,47.31234404446634,101.55368678941359
2024-01-01 02:45:00,0.1405651098384434,47.74919961302507,101.2942320528295
2024-01-01 02:46:00,0.14474108139827566,47.44424753110813,101.31475655033293
2024-01-01 02:47:00,0.15556959682274307,47.20982099187946,101.2701773964869
2024-01-01 02:48:00,0.13422698288393284,47.23074786248502,101.3726181025246
2024-01-01 02:49:00,0.12922071137830748,47.32001022372159,101.44273283107368
2024-01-01 02:50:00,0.12793815191279415,47.30331877950618,101.4948993239784
2024-01-01 02:51:00,0.12874843323346877,47.1716428852581,101.38863159685893
2024-01-01 02:52:00,0.13620677822595298,47.1301816126332,101.36429469708912
2024-01-01 02:53:00,0.14045859654218076,47.09176969344582,101.41149989755205
2024-01-01 02:54:00,0.13988129157001128,46.895975091852755,101.31284633159135
2024-01-01 02:55:00,0.145451551427839,47.049569228057976,101.60534286802022
2024-01-01 02:56:00,0.13737310526153146,46.637482395190865,101.23564309442136
2024-01-01 02:57:00,0.15183983022733408,47.12745560552662,101.41489526037118
2024-01-01 02:58:00,0.13471736380378135,46.871958541618135,101.59878561106333
2024-01-01 02:59:00,0.16462311010554667,46.84902774542044,101.39710051917504
2024-01-01 03:00:00,0.143733626095214,47.245631700159784,101.37740391369329
2024-01-01 03:01:00,0.12895896355228348,47.620813263379716,101.36064227262561
2024-01-01 03:02:00,0.126873257596998,47.490246851645665,101.37831833839371
2024-01-01 03:03:00,0.14245661198909781,46.75513111235047,101.53360471873147
2024-01-01 03:04:00,0.13544503206979047,46.94091236904708,101.17508769730581
2024-01-01 03:05:00,0.14486550900042694,47.53154173799587,101.54956290804594
2024-01-01 03:06:00,0.14250180190731374,46.9660637523804,101.25376108464489
2024-01-01 03:07:00,0.13708314121049014,47.20490959405687,101.36942042200232
2024-01-01 03:08:00,0.12938358670474787,47.44879467990992,101.35308164193384
2024-01-01 03:09:00,0.12274124005043398,47.00474513043481,101.45477339529518
2024-01-01 03:10:00,0.13346085223307808,47.33832040423847,101.2360091544902
2024-01-01 03:11:00,0.14652438656903496,46.91794922174738,101.4419338967191
2024-01-01 03:12:00,0.14013384691500855,47.14918549096514,101.59803413438652
2024-01-01 03:13:00,0.12556615325920625,47.43695903844765,101.25916379788049
2024-01-01 03:14:00,0.13978410953895584,46.87454473660972,101.41432130891664
2024-01-01 03:15:00,0.14193236809736576,47.49599336547175,101.32901341930378
2024-01-01 03:16:00,0.12926565605375204,47.369357345567984,101.43765273770066
2024-01-01 03:17:00,0.1396646671832832,47.552383031537985,101.39682259422963
2024-01-01 03:18:00,0.13873084629009622,47.46518722951966,101.33059432911921
2024-01-01 03:19:00,0.1267385642485183,47.818621612076875,101.44335684127735
2024-01-01 03:20:00,0.14176382213999647,47.45830284319832,101.57482239125133
2024-01-01 03:21:00,0.14380965653018637,47.3032593210202,101.37510652916635
2024-01-01 03:22:00,0.14904637626220532,47.480105173218696,101.46597337745641
2024-01-01 03:23:00,0.14876613534338023,47.61772968459515,101.26446229582983
2024-01-01 03:24:00,0.12446187933949669,47.48071203207239,101.29792928280526
2024-01-01 03:25:00,0.12886899697351628,47.48953460209821,101.4405881850476
2024-01-01 03:26:00,0.14340449968840607,47.27805198825228,101.54152509258203
2024-01-01 03:27:00,0.14339714076910365,47.30106090297123,101.42843204095304
2024-01-01 03:28:00,0.14341313645321083,47.09042053208176,101.36131339181358
2024-01-01 03:29:00,0.17679160657545948,48.04733529193251,101.39228808560115
2024-01-01 03:30:00,0.14397309243990916,47.16055264217963,101.26704917260071
2024-01-01 03:31:00,0.14961801299450217,47.33707855451107,101.45226372005138
2024-01-01 03:32:00,0.14779882726598956,47.340655561501734,101.47975896566828
2024-01-01 03:33:00,0.14476746931572937,47.835871777157664,101.34602131928703
2024-01-01 03:34:00,0.13509391618632946,47.49011534864973,101.34392204294568
2024-01-01 03:35:00,0.14582766802090263,47.96411769701901,101.41720118914813
2024-01-01 03:36:00,0.13049941707019794,47.398931716169315,101.34661969603427
2024-01-01 03:37:00,0.13584751379471208,47.69584995588558,101.3833478987007
2024-01-01 03:38:00,0.13334844347413644,47.37270934124682,101.59959400914157
2024-01-01 03:39:00,0.13900555924237915,48.27800886274973,101.36457110260774
2024-01-01 03:40:00,0.1613165137431269,47.28932415432186,101.35308266558488
2024-01-01 03:41:00,0.11947876939901747,47.74967830864304,101.32379666761955
2024-01-01 03:42:00,0.14499391134846687,47.85798240711965,101.46259536605751
2024-01-01 03:43:00,0.12198244573494359,47.80309512313032,101.36967022006878
2024-01-01 03:44:00,0.13336699984379405,47.634463923424946,101.3224629446238
2024-01-01 03:45:00,0.1489509699074321,47.66218758712952,101.51912940054812
2024-01-01 03:46:00,0.13867785343135716,47.72534953628315,101.52854918004779
2024-01-01 03:47:00,0.12722965127129202,47.67916648671192,101.32612753471416
2024-01-01 03:48:00,0.13082457707101877,48.023480483096414,101.19908803365905
2024-01-01 03:49:00,0.14474258901723017,48.408511951497786,101.48605665789526
2024-01-01 03:50:00,0.13061043792636304,47.58913443462791,101.31639668624987
2024-01-01 03:51:00,0.14004469145700918,47.35645658584094,101.46346772603738
2024-01-01 03:52:00,0.1383003472796432,47.75191693988051,101.186931397004
2024-01-01 03:53:00,0.13129168427327823,48.563306970338424,101.47272923899084
2024-01-01 03:54:00,0.1592087367546358,47.55927292847714,101.2618711511179
2024-01-01 03:55:00,0.144068657278997,48.30307996096874,101.45557470649979
2024-01-01 03:56:00,0.11743678944882745,48.32561325042694,101.38342666314377
2024-01-01 03:57:00,0.13951009791289304,47.667173063009024,101.28609758736009
2024-01-01 03:58:00,0.13098363502345484,48.01487940738017,101.3402711824672
2024-01-01 03:59:00,0.14608039778657503,48.343626814078384,101.4490810561791
2024-01-01 04:00:00,0.12958405622669603,47.75228122068737,101.39050416591982
2024-01-01 04:01:00,0.13631374745366084,47.81584550033239,101.43781264371462
2024-01-01 04:02:00,0.14246149681538858,47.7133037265921,101.57646314604001
2024-01-01 04:03:00,0.14601836697314652,47.59425767880678,101.221833787523
2024-01-01 04:04:00,0.12530573589612967,47.714766414639726,101.53940918919842
2024-01-01 04:05:00,0.1339102816842806,47.553220839558264,101.38754463347503
2024-01-01 04:06:00,0.1324511594883083,47.94146944144362,101.28664287143151
2024-01-01 04:07:00,0.130611378780649,47.71108213194169,101.24289328265161
2024-01-01 04:08:00,0.1547420275589252,48.023027773261994,101.35640711182478
2024-01-01 04:09:00,0.14107888757717585,47.49692938205381,101.46686980917576
2024-01-01 04:10:00,0.12436060333872867,48.07375637934213,101.3613266795126
2024-01-01 04:11:00,0.14608723783282604,48.23533336964034,101.52456503010416
2024-01-01 04:12:00,0.158068174960608,47.397924478023825,101.22769107143445
2024-01-01 04:13:00,0.14710809557260293,48.11902073028265,101.37095001310834
2024-01-01 04:14:00,0.12152542494943393,48.38585112553433,101.24626100165287
2024-01-01 04:15:00,0.13181133361916583,47.66539285191313,101.40719615035299
2024-01-01 04:16:00,0.14925622022040877,48.54077964619592,101.45884550233086
2024-01-01 04:17:00,0.12944274975135198,48.175424430405236,101.32739557824902
2024-01-01 04:18:00,0.1408888924325747,47.84891397537551,101.10835656753822
2024-01-01 04:19:00,0.1441272273680389,48.05437360290006,101.3879701733657
2024-01-01 04:20:00,0.12704072272064845,48.24927716646512,101.41103783824998
2024-01-01 04:21:00,0.13564288348434309,48.11524343219133,101.40707331126328
2024-01-01 04:22:00,0.10375255944754605,48.26471927354027,101.48949314572401
2024-01-01 04:23:00,0.1258474557231891,47.837528981634584,101.25807189760945
2024-01-01 04:24:00,0.13349077078584137,48.175165797269955,101.43245247397256
2024-01-01 04:25:00,0.12346277900614916,47.710857582574846,101.48292648230021
2024-01-01 04:26:00,0.15218793833792327,48.11220637055591,101.18505312138757
2024-01-01 04:27:00,0.12148469961699981,47.88499201450583,101.39410450395351
2024-01-01 04:28:00,0.13130704802386758,47.946083288070724,101.31094008478549
2024-01-01 04:29:00,0.13693538741606345,48.54813601878176,101.3524158645521
2024-01-01 04:30:00,0.14996033049533775,48.51525471509161,101.39453717452946
2024-01-01 04:31:00,0.1211077373017188,48.38114453136362,101.31023940768632
2024-01-01 04:32:00,0.14701592091498994,47.881238471815884,101.29057555136829
2024-01-01 04:33:00,0.13540372016204427,48.12452674915334,101.3607370675249
2024-01-01 04:34:00,0.12540260906748954,48.59388334069307,101.24776408410999
2024-01-01 04:35:00,0.13975425458367935,48.28296160260355,101.24706441786297
2024-01-01 04:36:00,0.13703857774423583,48.94672562718069,101.42273392752614
2024-01-01 04:37:00,0.1289598281724954,48.37939008053553,101.23905829548761
2024-01-01 04:38:00,0.13557330775592305,48.329465142352646,101.41970149611244
2024-01-01 04:39:00,0.1309347333765502,48.189558850598736,101.39845338590116
2024-01-01 04:40:00,0.13583493645563058,48.33278713642891,101.1787290746178
2024-01-01 04:41:00,0.14123229343556168,48.25740267111885,101.28266027052044
2024-01-01 04:42:00,0.15038172744579462,48.5259826535135,101.46892617915904
2024-01-01 04:43:00,0.12205334473940198,48.610954835293654,101.25048872152807
2024-01-01 04:44:00,0.15567116077269932,48.09852904327347,101.30124643510679
2024-01-01 04:45:00,0.11472868225162587,47.945325378407816,101.39296610686267
2024-01-01 04:46:00,0.1326398675659759,47.804190668237595,101.42416381314031
2024-01-01 04:47:00,0.13994849308343812,48.51779431765458,101.31972722610159
2024-01-01 04:48:00,0.13678230567057253,48.04471919224368,101.2841780752679
2024-01-01 04:49:00,0.12765194053525714,47.7401818575216,101.48520570856466
2024-01-01 04:50:00,0.13170376408070691,48.512930076878085,101.51588998451996
2024-01-01 04:51:00,0.12876054959383698,49.15455140197355,101.43890880788261
2024-01-01 04:52:00,0.12770202467506023,48.415112908243856,101.34856951184466
2024-01-01 04:53:00,0.14199636695522824,48.678751625674764,101.25821755189628
2024-01-01 04:54:00,0.1369747545540859,48.46201098245306,101.25499786350197
2024-01-01 04:55:00,0.126379356994614,48.41804062395251,101.38928367070952
2024-01-01 04:56:00,0.14220792411221717,48.73366336716515,101.3778538368937
2024-01-01 04:57:00,0.13618803178778902,48.381078512886575,101.475147450351
2024-01-01 04:58:00,0.14114642748773873,48.55858657024314,101.39899802158766
2024-01-01 04:59:00,0.139216542660963,48.585073758562835,101.18260227222088
2024-01-01 05:00:00,0.12453245005197663,48.298320357209114,101.43705424713743
2024-01-01 05:01:00,0.127122453441034,48.80653080609963,101.23099452298811
2024-01-01 05:02:00,0.14009880115184523,48.46658830924016,101.29133650110478
2024-01-01 05:03:00,0.13863092642806765,48.30249834653111,101.35367865892968
2024-01-01 05:04:00,0.13221934378669056,48.700308025058916,101.52714239026649
2024-01-01 05:05:00,0.13350256667773658,48.279935371208516,101.63747651876214
2024-01-01 05:06:00,0.14500669199308963,48.56803831984648,101.38605803610427
2024-01-01 05:07:00,0.12621491633445858,48.56694399095909,101.30595920712238
2024-01-01 05:08:00,0.13750204816029865,48.90553158505221,101.37661467139243
2024-01-01 05:09:00,0.12990946884363175,48.73224311647026,101.41080701275058
2024-01-01 05:10:00,0.1296548012163936,48.59238379447114,101.28884422496779
2024-01-01 05:11:00,0.14271951648860098,48.85526751007215,101.4992938222379
2024-01-01 05:12:00,0.13988598300440222,49.03703312482018,101.34163367182063
2024-01-01 05:13:00,0.13966694423872955,48.797334692578,101.36724705291218
2024-01-01 05:14:00,0.14448664112987306,48.643105627418926,101.3829035852167
2024-01-01 05:15:00,0.13154189346898462,48.256444712584354,101.35730053439123
2024-01-01 05:16:00,0.13805140357428858,48.34044472432676,101.39785896375153
2024-01-01 05:17:00,0.12802926191639336,48.5783821534584,101.25105499256792
2024-01-01 05:18:00,0.1342737054347797,48.49705414691936,101.25575792091597
2024-01-01 05:19:00,0.12963080058895488,48.63376216180471,101.20037287643628
2024-01-01 05:20:00,0.13180247678137558,48.71678177898989,101.35313107565521
2024-01-01 05:21:00,0.1366844901319482,48.86861538200418,101.38585973667854
2024-01-01 05:22:00,0.12245125249824798,48.698466183792966,101.35252101932278
2024-01-01 05:23:00,0.15145802819320245,48.87546208150268,101.47296316717319
2024-01-01 05:24:00,0.12037485431010081,48.7587371961783,101.30371709027283
2024-01-01 05:25:00,0.11819421118152051,48.156625700363755,101.36990623598444
2024-01-01 05:26:00,0.14181849161716434,48.47732336904319,101.19261000412706
2024-01-01 05:27:00,0.13805553165430176,48.72574355931755,101.26181081927683
2024-01-01 05:28:00,0.136281880825097,48.41589476780725,101.36880797327827
2024-01-01 05:29:00,0.13622619161655644,48.968602704230214,101.38289056087818
2024-01-01 05:30:00,0.1297226183886659,49.25765776393007,101.26730258599748
2024-01-01 05:31:00,0.12077520748425734,49.17385703794487,101.28825109993008
2024-01-01 05:32:00,0.13040879708512007,48.75397913367921,101.14232824322514
2024-01-01 05:33:00,0.12278248961402083,49.275000898261915,101.25711017436655
2024-01-01 05:34:00,0.1392090338754841,48.882141912065734,101.38054180679744
2024-01-01 05:35:00,0.12789138675151063,48.74616206275188,101.34770734348089
2024-01-01 05:36:00,0.1210115264243273,48.67300080203675,101.338929757155
2024-01-01 05:37:00,0.12595761114799242,48.7760020166502,101.29250992521034
2024-01-01 05:38:00,0.1332062081288183,48.7599987799847,101.2869013090758
2024-01-01 05:39:00,0.12334554438626752,48.93727318394034,101.21881841845668
2024-01-01 05:40:00,0.12066697400379907,48.94400459954119,101.35338205361705
2024-01-01 05:41:00,0.13123294919748366,48.9064179034865,101.32423836306661
2024-01-01 05:42:00,0.13115317230462475,49.04624485300199,101.32997802643546
2024-01-01 05:43:00,0.12354205399555945,49.282004210092325,101.22680098479663
2024-01-01 05:44:00,0.12380965069550542,49.219311123634746,101.06269179766299
2024-01-01 05:45:00,0.13074966911940777,48.498597686716984,101.38635631361072
2024-01-01 05:46:00,0.11385806940296736,48.18750057937977,101.2273656211535
2024-01-01 05:47:00,0.11417464424978488,49.243570393923264,101.18757352583269
2024-01-01 05:48:00,0.12097585402306096,48.562795979893146,101.34179417999744
2024-01-01 05:49:00,0.1259375029253451,48.915002816252205,101.23183370268335
2024-01-01 05:50:00,0.13109341110218767,48.640959065619164,101.37561081475232
2024-01-01 05:51:00,0.14265096018005616,48.46094707898121,101.3298935535715
2024-01-01 05:52:00,0.13638777706113067,49.17351597703025,101.33511928686995
2024-01-01 05:53:00,0.12612631722378578,49.24834737806981,101.12872983439593
2024-01-01 05:54:00,0.1274508195621385,48.85715911617601,101.38507655169266
2024-01-01 05:55:00,0.11753174300790271,48.26229870238517,101.28855769250963
2024-01-01 05:56:00,0.12728875459718778,48.88522496892828,101.22404919248845
2024-01-01 05:57:00,0.12450496147537371,49.17611419096805,101.27385384344561
2024-01-01 05:58:00,0.13053722621370925,48.62436199035902,101.08042342974272
2024-01-01 05:59:00,0.11895707290942242,49.13249370770788,101.29743809954867
2024-01-01 06:00:00,0.1323430562765147,49.0823308606872,101.15215548529201
2024-01-01 06:01:00,0.14239807408679733,49.270137175914364,101.11833942114058
2024-01-01 06:02:00,0.12590508021885147,49.1416375884354,101.09987838445328
2024-01-01 06:03:00,0.13093271639521487,48.82324440346216,101.36188507775483
2024-01-01 06:04:00,0.13374089499440428,49.48352601493958,101.18618596625619
2024-01-01 06:05:00,0.12275206230802765,49.08637305740687,101.40097531479475
2024-01-01 06:06:00,0.12893097735976727,49.135105834063665,101.19250685336162
2024-01-01 06:07:00,0.12674275305074573,48.872669992391664,101.07382992259261
2024-01-01 06:08:00,0.12752137483837384,49.02900682271877,101.13138630125344
2024-01-01 06:09:00,0.11874332635435722,48.90587975206841,101.36508728799987
2024-01-01 06:10:00,0.12664837892441957,49.128753783510625,101.22437808870484
2024-01-01 06:11:00,0.13131417274665416,49.70345516482652,101.18359540324018
2024-01-01 06:12:00,0.14077761513656467,48.787665298660045,101.2528766741464
2024-01-01 06:13:00,0.1357919699168636,48.724448262066,101.2854983827655
2024-01-01 06:14:00,0.14766527889310815,49.65913685667456,101.34549983411956
2024-01-01 06:15:00,0.11839529799627263,49.16424578765928,101.37704435181008
2024-01-01 06:16:00,0.13472844241263193,49.035566275537825,101.19464672080065
2024-01-01 06:17:00,0.12777627798981386,49.55749280250795,101.0964427011903
2024-01-01 06:18:00,0.14777968485602144,49.073058145511254,101.1861196137925
2024-01-01 06:19:00,0.11773866208622329,49.811755264094124,101.25190766441614
2024-01-01 06:20:00,0.11736562375933787,49.47652780524549,101.127912077026
2024-01-01 06:21:00,0.11971133667366052,49.13596248648721,101.12697615460023
2024-01-01 06:22:00,0.10440996629531607,49.938702429624655,101.25546827998399
2024-01-01 06:23:00,0.12033628882910688,49.11895775773351,101.2146175206745
2024-01-01 06:24:00,0.11794869854338486,49.53245134844546,101.22115078682658
2024-01-01 06:25:00,0.12699143512345873,49.408749267628814,101.14040500212795
2024-01-01 06:26:00,0.1288538303556735,49.718610912977795,101.19159307897289
2024-01-01 06:27:00,0.14414806869123648,49.805657215638725,101.12058366708429
2024-01-01 06:28:00,0.13484201973498927,49.35590875173084,101.30039592011516
2024-01-01 06:29:00,0.1195215120612021,49.12937413863429,101.31326542660268
2024-01-01 06:30:00,0.11626053010283696,49.50247150038367,101.02348148814049
2024-01-01 06:31:00,0.1301193722507356,49.170233992367855,101.11350438736159
2024-01-01 06:32:00,0.11195474215517748,49.98662193465207,101.05515321555076
2024-01-01 06:33:00,0.14342995985451581,49.43261195169959,101.13814993504167
2024-01-01 06:34:00,0.13686948982473346,49.291088937702064,101.19315028994995
2024-01-01 06:35:00,0.12034448099722272,49.465112028465015,101.054866945907
2024-01-01 06:36:00,0.10786748749230524,49.014581090781995,101.1059785416852
2024-01-01 06:37:00,0.13850161189436647,49.13623433907252,101.09609756694749
2024-01-01 06:38:00,0.12378301876858834,49.79683085305394,101.21554459634443
2024-01-01 06:39:00,0.13727359655513627,49.24861510938085,101.20007268668968
2024-01-01 06:40:00,0.10891967350589776,49.140575418608265,101.11928076999344
2024-01-01 06:41:00,0.11884023011512082,49.624598493317436,101.20744882025167
2024-01-01 06:42:00,0.12485797418190135,49.8282565280615,101.13340692044966
2024-01-01 06:43:00,0.1252484393958808,49.697162575357,101.15921365487533
2024-01-01 06:44:00,0.12025262714067451,49.789210901503054,101.35202470621111
2024-01-01 06:45:00,0.13095799423495108,49.27226682290287,101.3170220812258
2024-01-01 06:46:00,0.11403108071102613,49.08165967055323,101.0513105323013
2024-01-01 06:47:00,0.12326286950627072,49.96748928221607,101.26253083246954
2024-01-01 06:48:00,0.1258706013454542,49.42916037382405,101.25898248938357
2024-01-01 06:49:00,0.1297946272628278,49.45957841030253,101.06129811086609
2024-01-01 06:50:00,0.1317506065596007,49.94213942687141,101.25628022662865
2024-01-01 06:51:00,0.11337389225738881,49.71939196420803,101.32647014762095
2024-01-01 06:52:00,0.10926667482041637,49.69812000703247,101.05869349416328
2024-01-01 06:53:00,0.13737374730328322,50.21967405907957,101.07746529179701
2024-01-01 06:54:00,0.12791095204879202,49.3859265623855,101.26924595456937
2024-01-01 06:55:00,0.11709546061292556,49.866131771286284,101.19289026275273
2024-01-01 06:56:00,0.14008605173651376,49.613670427222885,101.21914602784767
2024-01-01 06:57:00,0.12572718685962858,49.685920016165085,101.19631179070028
2024-01-01 06:58:00,0.13636103383442347,50.07264781964656,101.19957378532924
2024-01-01 06:59:00,0.12524259146441222,49.77521212516671,101.0261052155177
2024-01-01 07:00:00,0.14517596380054812,49.79309350703933,101.26172940069333
2024-01-01 07:01:00,0.14212471401459603,49.962089379467386,101.27219885329491
2024-01-01 07:02:00,0.12208623799864277,49.53957309595454,101.13054008190579
2024-01-01 07:03:00,0.1342979252836115,49.406007024708146,101.14736789786201
2024-01-01 07:04:00,0.13104408332421172,49.353027482570134,100.99683846954714
2024-01-01 07:05:00,0.13828652841075184,49.08525291809643,101.19960556907535
2024-01-01 07:06:00,0.11496265720049541,50.30070105904888,101.20361401443279
2024-01-01 07:07:00,0.1314858841729783,49.36154483955691,101.13841470499145
2024-01-01 07:08:00,0.1352248996561678,49.63478912874259,101.25529209539324
2024-01-01 07:09:00,0.10707036105750725,49.626768563288095,101.10766946206532
2024-01-01 07:10:00,0.11284409613835317,49.810671404741974,101.1957557334218
2024-01-01 07:11:00,0.10430511714728653,49.97179694009243,101.03554424952395
2024-01-01 07:12:00,0.12202596848109067,49.99383377689726,101.1333686548448
2024-01-01 07:13:00,0.13191990526506214,49.56937406060575,101.11649933185085
2024-01-01 07:14:00,0.13979435464589543,49.70275598241689,101.15467419601765
2024-01-01 07:15:00,0.12553989625302878,49.84625136378475,101.09339717295946
2024-01-01 07:16:00,0.14111513831801076,49.695444635955624,101.11540694165204
2024-01-01 07:17:00,0.11105987977968708,50.260819990511116,101.2093611846718
2024-01-01 07:18:00,0.10786086536268719,49.934462931704374,101.0812802987212
2024-01-01 07:19:00,0.12437489867694532,50.01617773129567,100.96249731366365
2024-01-01 07:20:00,0.12880861301160276,50.00311258251002,101.29630981967871
2024-01-01 07:21:00,0.12468049708585474,50.16481405940047,101.2576914048134
2024-01-01 07:22:00,0.10437441885061582,49.875592000734486,100.98851251530446
2024-01-01 07:23:00,0.12420094984016125,49.44073954758769,101.18490063149284
2024-01-01 07:24:00,0.11209268638348513,49.958189121643834,101.06382177652371
2024-01-01 07:25:00,0.13188126427588762,49.651359315076434,101.13865577242827
2024-01-01 07:26:00,0.12889961017763435,49.69665510664607,101.1399157141385
2024-01-01 07:27:00,0.1158858554035607,50.03961316377235,101.08523728296186
2024-01-01 07:28:00,0.12019895116212959,50.2436428839723,101.02848482806034
2024-01-01 07:29:00,0.11480039840701717,49.88698363603077,101.0359892494004
2024-01-01 07:30:00,0.12482260667396636,49.981686502223646,101.01160481006386
2024-01-01 07:31:00,0.13505963991644504,50.40812579137384,101.01822117337343
2024-01-01 07:32:00,0.11571173447481427,49.97810228485663,101.09286376207406
2024-01-01 07:33:00,0.13067220140423225,50.69478664140279,101.02618265209505
2024-01-01 07:34:00,0.1203938681861984,50.09233036995409,101.16413983934623
2024-01-01 07:35:00,0.11783439450731184,49.40283485071686,101.24283421076419
2024-01-01 07:36:00,0.12476147136167182,50.165442840421825,101.03427827312632
2024-01-01 07:37:00,0.11554998067433618,50.06215505919307,101.11439714785972
2024-01-01 07:38:00,0.12043851952548285,50.34309111442191,101.13859746686252
2024-01-01 07:39:00,0.11407082481571226,50.16646803393431,101.13400065744398
2024-01-01 07:40:00,0.1457734312564946,49.931315810893224,101.09256670720258
2024-01-01 07:41:00,0.12655737899822378,49.61389279144085,101.15740950692255
2024-01-01 07:42:00,0.11928804145882925,49.926795661843926,101.12953563875405
2024-01-01 07:43:00,0.12850764016009653,49.74265764192229,100.95571343251052
2024-01-01 07:44:00,0.12532909826912986,49.83195868707371,101.1645637244557
2024-01-01 07:45:00,0.12432921522949018,50.19098203429737,101.16454521621333
2024-01-01 07:46:00,0.13276910677628428,50.52366354503883,100.99765516693415
2024-01-01 07:47:00,0.13429304266672937,50.14936826615657,101.07594489537317
2024-01-01 07:48:00,0.12150547806734904,49.68046747792401,101.13865109442632
2024-01-01 07:49:00,0.12114683004859333,50.180869805534286,101.04755370458501
2024-01-01 07:50:00,0.12425101787720154,50.41472612238912,101.17394965004726
2024-01-01 07:51:00,0.1040808454248898,49.8810405830284,101.30120578004524
2024-01-01 07:52:00,0.112048668651414,50.03200023288321,100.98438659847557
2024-01-01 07:53:00,0.14097184407440516,50.084832964748486,100.92304745768143
2024-01-01 07:54:00,0.14385730033472913,49.853169375205304,101.08970059817388
2024-01-01 07:55:00,0.12502378382492865,50.29132664612979,101.12964197335359
2024-01-01 07:56:00,0.13338823344074938,50.06875304719613,101.03256629254
2024-01-01 07:57:00,0.13084568266229762,50.23908357483309,101.19914648543106
2024-01-01 07:58:00,0.15863450317333452,49.855153957624694,100.91812766961453
2024-01-01 07:59:00,0.1391559535889104,49.99833335515015,101.11944834289869
2024-01-01 08:00:00,0.12679753190847554,50.354445997623905,100.9877390892386
2024-01-01 08:01:00,0.1186397990786125,50.034033946404286,101.21843217153351
2024-01-01 08:02:00,0.11225122640643886,50.67211695207827,101.24391570385326
2024-01-01 08:03:00,0.13047280050655355,50.04227249502277,100.96616893452749
2024-01-01 08:04:00,0.12099911740093872,50.23769601836517,100.98605000072206
2024-01-01 08:05:00,0.114466532184689,50.45818684288616,101.12513637931677
2024-01-01 08:06:00,0.12235176594168734,49.76101065590622,100.99863721627203
2024-01-01 08:07:00,0.11813241848545175,49.66638035166141,101.03098272340753
2024-01-01 08:08:00,0.14595169380349224,49.74502060479616,101.03623718347485
2024-01-01 08:09:00,0.1380310259092537,50.58957916618621,100.83990651320187
2024-01-01 08:10:00,0.1292712213343472,50.05332490729952,101.02866659166139
2024-01-01 08:11:00,0.14428867343301888,50.99441258063476,100.95925523518208
2024-01-01 08:12:00,0.1304031604776534,50.06574103540073,100.97709454430577
2024-01-01 08:13:00,0.12115883778090439,50.29843535065425,101.16895006720861
2024-01-01 08:14:00,0.1451470757756404,50.71374976343001,100.89711750277314
2024-01-01 08:15:00,0.13545103904881017,50.860983684168666,101.10227137984614
2024-01-01 08:16:00,0.11983752446765927,50.88563820189378,100.99123863928719
2024-01-01 08:17:00,0.1284565856142886,50.6377206296005,100.98934444728408
2024-01-01 08:18:00,0.12175571023212184,50.590445519432606,101.094544704637
2024-01-01 08:19:00,0.11683774462182077,50.46899326706286,101.0477012728248
2024-01-01 08:20:00,0.14008328998205366,50.53274439490197,101.06894770714685
2024-01-01 08:21:00,0.15007337131927895,50.14187376601668,101.10689683146636
2024-01-01 08:22:00,0.11715313164780125,50.069755794030264,100.97514123714905
2024-01-01 08:23:00,0.1369300083276905,50.32218171960429,100.94524392219422
2024-01-01 08:24:00,0.12495729879692956,50.280109938004564,100.89614993126675
2024-01-01 08:25:00,0.1267577727896349,50.20316089878037,100.92032324519575
2024-01-01 08:26:00,0.12587227660563874,50.55600230841431,101.29597503879725
2024-01-01 08:27:00,0.12332537773472027,50.64162722021027,101.12373689393429
2024-01-01 08:28:00,0.13262144475030233,50.389500181111906,100.86236693798467
2024-01-01 08:29:00,0.12399953670767913,50.814172522688025,100.86343617436248
2024-01-01 08:30:00,0.13518827461124375,50.036335124455654,101.04207838576649
2024-01-01 08:31:00,0.1321578453545443,50.32866541020411,101.04683034035828
2024-01-01 08:32:00,0.13044911003795057,50.179631022032716,101.04520665388675
2024-01-01 08:33:00,0.12394315406942588,49.84262433638853,100.96303948658
2024-01-01 08:34:00,0.12743310567308247,50.385681904435685,100.97420887839235
2024-01-01 08:35:00,0.1409385794288835,50.38185588421288,101.01776399506527
2024-01-01 08:36:00,0.13857949875691672,50.88030237675045,100.99178963814623
2024-01-01 08:37:00,0.12398223709502165,50.62339161952171,100.75949720841834
2024-01-01 08:38:00,0.13494036946572757,50.13476612354487,100.95667686070207
2024-01-01 08:39:00,0.1416519597940628,51.00611744689163,100.89274848475337
2024-01-01 08:40:00,0.11763685407438322,50.82406079456834,100.99364535718516
2024-01-01 08:41:00,0.13995909402923556,50.640234562116945,101.27288804158282
2024-01-01 08:42:00,0.1280955971719611,50.40550819646907,101.00935112890328
2024-01-01 08:43:00,0.14062591190529328,50.1934634938322,100.93949376574051
2024-01-01 08:44:00,0.12748716210487335,50.377468788384604,101.06127366335804
2024-01-01 08:45:00,0.11727248912482298,50.8235847352163,101.01561214318299
2024-01-01 08:46:00,0.1192491600684775,51.07015919519368,101.00760576287058
2024-01-01 08:47:00,0.13621041575708975,50.97557339643338,101.02453750599574
2024-01-01 08:48:00,0.1385334701800865,50.37375648095845,101.16776616477406
2024-01-01 08:49:00,0.12710144414565397,50.19233103678006,100.84728561028292
2024-01-01 08:50:00,0.14274057574329574,50.5782811447183,101.00600364592187
2024-01-01 08:51:00,0.11995115581266969,50.01327656448479,100.8642717034135
2024-01-01 08:52:00,0.1361189170793019,50.64854594672061,101.01073390765663
2024-01-01 08:53:00,0.12488455371337616,50.515096325008344,100.86159032146524
2024-01-01 08:54:00,0.13069298579304603,50.427341884354675,100.91000217821062
2024-01-01 08:55:00,0.13790358359612104,50.09651196994328,100.92051336669743
2024-01-01 08:56:00,0.1290453202689264,50.73676735424185,101.04589119426524
2024-01-01 08:57:00,0.13402535055959244,50.43063593534852,101.03844585049751
2024-01-01 08:58:00,0.1481568690703688,50.247224490366975,100.82032332553247
2024-01-01 08:59:00,0.13254962785214047,49.744268775951376,100.94868695822285
2024-01-01 09:00:00,0.1469016313695317,50.60543546860172,100.87053792586612
2024-01-01 09:01:00,0.12747535091990814,51.15310257706152,100.81395171799214
2024-01-01 09:02:00,0.14429970320852162,51.1275367347022,100.91641078828961
2024-01-01 09:03:00,0.15364810942002408,50.49975673667582,100.9055785381886
2024-01-01 09:04:00,0.11474824674137088,50.46394346672747,101.17741688149721
2024-01-01 09:05:00,0.13172950123551735,50.792955717676364,100.97636377586815
2024-01-01 09:06:00,0.1457044172518923,50.36051910703973,100.79363280069751
2024-01-01 09:07:00,0.13813995092770182,50.758278605826355,100.87324815691203
2024-01-01 09:08:00,0.14412002527730294,50.90526647296464,101.03019919449865
2024-01-01 09:09:00,0.13460831556324257,51.05121882413368,101.13524480270361
2024-01-01 09:10:00,0.14175509136332118,50.66078427308218,100.76614625905852
2024-01-01 09:11:00,0.13957485826175495,50.6374152392784,100.73510067241362
2024-01-01 09:12:00,0.15305328518465555,50.44280474368556,101.10854265606604
2024-01-01 09:13:00,0.14416488939547412,50.465812913903314,100.9587651417998
2024-01-01 09:14:00,0.1452432918981229,50.65360625603162,100.83133664511524
2024-01-01 09:15:00,0.13799643319325008,50.83942794039511,100.96999568043054
2024-01-01 09:16:00,0.1374884166594143,51.01095756052055,100.65132956106918
2024-01-01 09:17:00,0.13828949660868797,50.50358794970167,100.91361820857287
2024-01-01 09:18:00,0.14681150797865933,51.20000330431705,100.94444390787045
2024-01-01 09:19:00,0.1389103431052329,50.67851044713048,101.0024747966709
2024-01-01 09:20:00,0.1462724158115177,50.76108388677343,100.80704908858809
2024-01-01 09:21:00,0.1643844170808807,50.550972931625154,100.91540325932026
2024-01-01 09:22:00,0.1525986449293152,50.055502589176896,100.81269294727163
2024-01-01 09:23:00,0.14088538262384187,51.055622448698166,100.929179708328
2024-01-01 09:24:00,0.1564171926457586,51.01909215123626,100.81251772821794
2024-01-01 09:25:00,0.1405849346571643,50.72126691632542,100.85965845744126
2024-01-01 09:26:00,0.12454626142016131,50.83338470835922,100.7993083841602
2024-01-01 09:27:00,0.1351096292869216,50.975687736054525,100.9624301794208
2024-01-01 09:28:00,0.1267467097511621,50.35975691858745,100.9815935955257
2024-01-01 09:29:00,0.14220476521398195,50.67741586435049,100.87072369997793
2024-01-01 09:30:00,0.14617047293994276,51.08201841005783,100.89645222130746
2024-01-01 09:31:00,0.16301815272635944,50.47505592436972,100.74621738390255
2024-01-01 09:32:00,0.14979162840980875,50.947010342558286,100.85956244958713
2024-01-01 09:33:00,0.14460099220827377,50.45956515954224,100.88296877367996
2024-01-01 09:34:00,0.15535674692388632,51.014062020194864,101.148533243719
2024-01-01 09:35:00,0.125223065359936,50.87103055199246,100.77372755551922
2024-01-01 09:36:00,0.14996330791874762,50.40477013005891,101.02981797546447
2024-01-01 09:37:00,0.15558955743961767,51.24631492658142,100.9815678379516
2024-01-01 09:38:00,0.13336976810730294,50.68409592029717,100.90843307085024
2024-01-01 09:39:00,0.1598688604904306,50.66897482349623,101.05472475439853
2024-01-01 09:40:00,0.152092920486669,50.97979542377627,100.91457237934223
2024-01-01 09:41:00,0.1448326428226959,51.27178698883168,100.91478277275873
2024-01-01 09:42:00,0.15559181761295426,50.630017427817116,100.86906574822953
2024-01-01 09:43:00,0.17225029811278103,50.96083324887923,100.99525164529864
2024-01-01 09:44:00,0.15164227832391705,51.07853675621173,100.98106465084071
2024-01-01 09:45:00,0.15258692550620617,51.16538325318979,100.80737903941358
2024-01-01 09:46:00,0.14579305403871076,51.01794111620861,100.73655720286123
2024-01-01 09:47:00,0.14217098405722778,50.862454751304284,100.84672516907568
2024-01-01 09:48:00,0.1592563536856134,50.73183792616627,100.78556688581408
2024-01-01 09:49:00,0.1426765097232863,51.01350754373681,100.85777203550813
2024-01-01 09:50:00,0.1522381290755892,50.673569620084834,100.98642834048648
2024-01-01 09:51:00,0.1470317587038628,50.12635074321162,100.81552072066653
2024-01-01 09:52:00,0.15688472705770307,51.141266075194416,100.85554127380486
2024-01-01 09:53:00,0.15571885598303292,51.289018574511445,100.86420501899343
2024-01-01 09:54:00,0.16304563227340893,50.316496183813015,100.94183141605266
2024-01-01 09:55:00,0.14785873971405772,50.729992360959166,100.63089146613684
2024-01-01 09:56:00,0.1505494793256256,51.22619143578529,100.79350897149777
2024-01-01 09:57:00,0.14375055166852937,51.66522537238407,100.8739125414391
2024-01-01 09:58:00,0.14938583254936702,51.06174446834579,100.97140384865854
2024-01-01 09:59:00,0.15789294352286132,50.84463321059207,100.80082413811408
2024-01-01 10:00:00,0.161981576202475,51.015691071698484,100.66098423033424
2024-01-01 10:01:00,0.14548234706419344,51.490547076847086,100.90924249071712
2024-01-01 10:02:00,0.16369290937244724,50.89181734233774,100.78237371811294
2024-01-01 10:03:00,0.16884659893550802,50.853369798890995,100.72558870593815
2024-01-01 10:04:00,0.15971844052955383,50.95582357086071,100.7807730896857
2024-01-01 10:05:00,0.17464640235959283,50.822165755504415,100.82341422933673
2024-01-01 10:06:00,0.14843536713139707,51.152481689141766,100.78005835210084
2024-01-01 10:07:00,0.14402196964813813,51.610598996233534,100.61864922036831
2024-01-01 10:08:00,0.13897699489583462,51.227632775093106,100.92759244411674
2024-01-01 10:09:00,0.17202072478029273,51.062515209263864,100.96406035417638
2024-01-01 10:10:00,0.16390040647809867,51.05818894044156,100.90041913820568
2024-01-01 10:11:00,0.15709773577658326,50.68428499641605,100.72019956027333
2024-01-01 10:12:00,0.16075044595889515,51.42568400902428,100.8125272968886
2024-01-01 10:13:00,0.14699337135404503,51.144907734856616,100.83073981163695
2024-01-01 10:14:00,0.1830035889258031,51.12162178149324,100.88999407976844
2024-01-01 10:15:00,0.16013637364270195,52.14120399339182,100.89567862665892
2024-01-01 10:16:00,0.16023646804391795,51.28040273122467,100.75416440843149
2024-01-01 10:17:00,0.1666987903577176,50.972743909943134,100.83452586192196
2024-01-01 10:18:00,0.16455004634266518,51.077877605337605,100.87080620573926
2024-01-01 10:19:00,0.16227783017753755,51.5578216115651,100.96941963076597
2024-01-01 10:20:00,0.15243346738919697,51.25477145437798,100.89305469300663
2024-01-01 10:21:00,0.1653522837013347,50.796808850374795,100.90028378802751
2024-01-01 10:22:00,0.17975737951981807,51.511562379590785,100.8285423344046
2024-01-01 10:23:00,0.17469099572720265,51.04285153406309,100.95999464244053
2024-01-01 10:24:00,0.17746842856221942,51.81278482072832,100.85872159940884
2024-01-01 10:25:00,0.156724258904737,51.582310365829066,100.73044068753488
2024-01-01 10:26:00,0.1522402871975666,51.13159962827045,100.95569823207691
2024-01-01 10:27:00,0.1611784322963331,51.6576012114374,100.88397094719174
2024-01-01 10:28:00,0.1632935430870242,51.30115297961647,100.76870326130923
2024-01-01 10:29:00,0.1739782079862049,51.54412843262817,100.76389309868615
2024-01-01 10:30:00,0.1464116317125388,51.44121622150477,100.84034240003136
2024-01-01 10:31:00,0.178931732784964,51.04938953113446,100.85585352244675
2024-01-01 10:32:00,0.16235604856272667,51.11773189683823,100.82812224307732
2024-01-01 10:33:00,0.15996714119505961,51.62728564078793,100.83838966217861
2024-01-01 10:34:00,0.1544146388935399,51.225365637426236,100.97612814352556
2024-01-01 10:35:00,0.14828673311177343,51.21220489467355,100.91216819327781
2024-01-01 10:36:00,0.17336648932546952,51.05426427394258,100.8229667974101
2024-01-01 10:37:00,0.16616729333608407,51.47538286149946,100.89693157197195
2024-01-01 10:38:00,0.15283366143521782,51.97456325408874,100.69845334132401
2024-01-01 10:39:00,0.1530814461549883,51.04304914538816,100.84041162305763
2024-01-01 10:40:00,0.1629731371041086,51.37807876528803,100.98047073410761
2024-01-01 10:41:00,0.18331971647482198,51.80198373320788,100.77666471107673
2024-01-01 10:42:00,0.16433185188519592,51.361930579565765,100.71264315501482
2024-01-01 10:43:00,0.15219432727028806,51.52904082059392,100.73114297706836
2024-01-01 10:44:00,0.16506602499000478,51.0821184248205,100.68634197568699
2024-01-01 10:45:00,0.16509360641982246,51.53683679305831,100.71579062183734
2024-01-01 10:46:00,0.14114903009287397,51.35971060640733,100.75618567968704
2024-01-01 10:47:00,0.16787165047538144,51.71908321027589,100.65165763176098
2024-01-01 10:48:00,0.1664015849999241,51.78709151859687,100.79276220165032
2024-01-01 10:49:00,0.17596893402182529,52.21525751539341,100.8804223334971
2024-01-01 10:50:00,0.18779196071120977,51.61979238469902,100.69842148173116
2024-01-01 10:51:00,0.18086314920890828,51.55115669009307,100.94013623361353
2024-01-01 10:52:00,0.1672032614134133,51.519249862527296,100.83830607122646
2024-01-01 10:53:00,0.15912106942615406,51.36250293777916,100.88931224305803
2024-01-01 10:54:00,0.19621361811189908,51.57751777090532,100.71950637323776
2024-01-01 10:55:00,0.17136538798760045,51.39487358775075,100.86978633810037
2024-01-01 10:56:00,0.17120515281866971,51.54155535924527,100.67419277503548
2024-01-01 10:57:00,0.17111671869908984,51.893821107188444,100.87147164764603
2024-01-01 10:58:00,0.17363036105627594,51.20410564351394,100.7986999663581
2024-01-01 10:59:00,0.17049686826129523,51.85556039631416,100.83591871067206
2024-01-01 11:00:00,0.16649420720146518,51.916261673130336,100.66212012465961
2024-01-01 11:01:00,0.16705196967006186,51.49323889160105,100.68926705619674
2024-01-01 11:02:00,0.17248211614194625,50.89963731027531,100.83759979412993
2024-01-01 11:03:00,0.1676638299350326,51.36138360928022,100.68215359808772
2024-01-01 11:04:00,0.16625736881976305,51.9403671515479,100.82242896552081
2024-01-01 11:05:00,0.17473717934677496,51.55194916933662,100.63852302195242
2024-01-01 11:06:00,0.17140943803723915,51.266561998540084,100.859191235152
2024-01-01 11:07:00,0.1892847373239778,51.42246561324077,100.6502670548275
2024-01-01 11:08:00,0.14801995210646746,51.83363192148403,100.8279035293757
2024-01-01 11:09:00,0.18572878850329125,51.75301627176354,100.83439937053126
2024-01-01 11:10:00,0.18755785033730826,51.52486938441239,100.70133044412728
2024-01-01 11:11:00,0.15464556482342207,51.494057089748324,100.82839025333367
2024-01-01 11:12:00,0.17223423200205645,51.494135015093164,100.79542042968832
2024-01-01 11:13:00,0.17222749397451503,51.3425001594032,100.71468927437995
2024-01-01 11:14:00,0.16214671619584586,52.11139944595389,100.66692391160555
2024-01-01 11:15:00,0.16872271459970362,51.537656953035594,100.57073140729972
2024-01-01 11:16:00,0.16567327127289552,52.0070698958992,100.80118226677519
2024-01-01 11:17:00,0.19457896451840792,52.10588935301621,100.60896897191003
2024-01-01 11:18:00,0.1866893387540526,51.956563017302074,100.77422436932582
2024-01-01 11:19:00,0.1903234472633874,51.53516193771038,100.73759455296776
2024-01-01 11:20:00,0.18509898766320454,51.793348476087566,100.83111181330952
2024-01-01 11:21:00,0.16686513180145918,51.67255537878723,100.73225989375022
2024-01-01 11:22:00,0.17318282378512131,51.41629136884508,100.72879533010143
2024-01-01 11:23:00,0.18359312620036436,51.79230089288512,100.8342116112757
2024-01-01 11:24:00,0.16674841670993917,51.348875727490494,100.79382355252058
2024-01-01 11:25:00,0.1863689363506841,52.066489473147925,100.791235339941
2024-01-01 11:26:00,0.17710388143122469,51.57840195454225,100.80585729245959
2024-01-01 11:27:00,0.17602601999670386,51.785740082929934,100.60469291346884
2024-01-01 11:28:00,0.1871498130000498,51.81798720525606,100.83325739717195
2024-01-01 11:29:00,0.18474770766672532,51.662941684276376,100.81816263065768
2024-01-01 11:30:00,0.17695913362957322,51.924237384088364,100.65459348641565
2024-01-01 11:31:00,0.1924246571874174,51.613378008178216,100.7312086326991
2024-01-01 11:32:00,0.17028211661764758,52.02486200968569,100.75104967132286
2024-01-01 11:33:00,0.1875123074378821,51.36730654482937,100.74090328694737
2024-01-01 11:34:00,0.18754296013782343,51.81664592370268,100.78712037829285
2024-01-01 11:35:00,0.1787742581701206,52.36804638218198,100.89626133228447
2024-01-01 11:36:00,0.1853875908288543,51.493908008507965,100.86070046042767
2024-01-01 11:37:00,0.1698704102701306,51.59832778796353,100.62070986745286
2024-01-01 11:38:00,0.1918758335095677,51.96347171595926,100.81355565462775
2024-01-01 11:39:00,0.18103927569094835,51.87082624509116,100.88366772971203
2024-01-01 11:40:00,0.17791250176918538,51.92979741593726,100.78888986864933
2024-01-01 11:41:00,0.1940471692697621,51.99574799365337,100.85206159427659
2024-01-01 11:42:00,0.17692965616876477,52.06379620688606,100.93695401358322
2024-01-01 11:43:00,0.17030315232006338,52.23068213222972,100.83087022507293
2024-01-01 11:44:00,0.16923478715998397,52.04511474991334,100.74621131739104
2024-01-01 11:45:00,0.1912731188133895,51.87419344764351,100.81857937984213
2024-01-01 11:46:00,0.1728192785013545,52.17274912160686,100.72135827852398
2024-01-01 11:47:00,0.20358066456147422,52.565352592857614,100.70206765103383
2024-01-01 11:48:00,0.1656211631744904,51.98001368132841,100.657352663477
2024-01-01 11:49:00,0.20381132519338277,51.75186565607249,100.84166105187316
2024-01-01 11:50:00,0.1893617962772193,52.40077419741067,100.59631136628727
2024-01-01 11:51:00,0.1866878926552691,52.05696616093115,100.82423440914724
2024-01-01 11:52:00,0.18260776353103725,51.465715181444644,100.71383633831933
2024-01-01 11:53:00,0.19244876115363274,52.39618316233633,100.5167804813654
2024-01-01 11:54:00,0.1884800002606384,52.00580395320278,100.68634608245122
2024-01-01 11:55:00,0.20028680187140682,52.16369336686724,100.4324574354766
2024-01-01 11:56:00,0.19079197077473645,52.314903642857004,100.69789869678016
2024-01-01 11:57:00,0.19154708574152063,52.2969209459614,100.71676772460478
2024-01-01 11:58:00,0.1868007697305905,52.47707344824696,100.5619145304966
2024-01-01 11:59:00,0.19025869666852716,52.1580642721366,100.62641930975984
2024-01-01 12:00:00,0.19429585657125484,52.46711967834052,100.80240355739382
2024-01-01 12:01:00,0.17450425360986443,52.259807222686675,100.54934527221083
2024-01-01 12:02:00,0.17851058255961344,52.58380324477417,100.48697016193147
2024-01-01 12:03:00,0.19980996562786396,52.57126486356805,100.73397708249024
2024-01-01 12:04:00,0.19446924387232428,52.130523224614265,100.77502812034248
2024-01-01 12:05:00,0.1913023862233923,52.761455441505596,100.5721064583972
2024-01-01 12:06:00,0.19370654286540714,52.29938355451707,100.66585950860038
2024-01-01 12:07:00,0.19737634711227126,52.72710757417212,100.69184592703832
2024-01-01 12:08:00,0.18887959124537762,52.6193999957019,100.4764438514981
2024-01-01 12:09:00,0.1868691193068804,53.08519844704186,100.49516443119396
2024-01-01 12:10:00,0.19698390737157487,52.49123912176327,100.65979399821701
2024-01-01 12:11:00,0.18561331444507487,52.47802553493129,100.69822829022429
2024-01-01 12:12:00,0.19984944588368464,52.601542488631445,100.57904403780262
2024-01-01 12:13:00,0.17910923682904686,52.54096842588275,100.42781237015541
2024-01-01 12:14:00,0.20679305213617524,52.8964651695655,100.70754652460394
2024-01-01 12:15:00,0.20159215190535262,52.196155956670495,100.44879867531935
2024-01-01 12:16:00,0.19978940442383156,52.38951730954144,100.46144607152974
2024-01-01 12:17:00,0.2074171860302736,52.40986046449846,100.5222664392754
2024-01-01 12:18:00,0.2146044194618002,53.0398793874316,100.63653021407656
2024-01-01 12:19:00,0.20845099499254424,53.2925634070777,100.55960198381678
2024-01-01 12:20:00,0.18025438281361844,52.77264348505474,100.50878983592422
2024-01-01 12:21:00,0.18622138884293657,52.777937211909816,100.50673971140246
2024-01-01 12:22:00,0.19312120003462435,52.87421153191269,100.45787855735442
2024-01-01 12:23:00,0.1999807090326546,53.226378256490456,100.50246592007396
2024-01-01 12:24:00,0.2052449785530856,52.62423448938544,100.1868294710689
2024-01-01 12:25:00,0.1931577089970849,52.99858362202152,100.40326686089966
2024-01-01 12:26:00,0.20262773456258884,53.24427159956578,100.45021053130358
2024-01-01 12:27:00,0.19354931062295058,53.12668688299,100.30413624839471
2024-01-01 12:28:00,0.19532918059986562,53.05788642821373,100.45103787994297
2024-01-01 12:29:00,0.18771710459984106,53.32598612380667,100.38513487406854
2024-01-01 12:30:00,0.19288887108776365,52.23937005406685,100.57431455436381
2024-01-01 12:31:00,0.18893996948893851,53.27837692825758,100.54926246915859
2024-01-01 12:32:00,0.1930318121885028,52.903473413588706,100.33858195857108
2024-01-01 12:33:00,0.21365880238402007,52.57519528231099,100.36328925253603
2024-01-01 12:34:00,0.19395833929427092,53.302442261613066,100.36419724695143
2024-01-01 12:35:00,0.2301041903886799,53.58588272389059,100.31965348919495
2024-01-01 12:36:00,0.20903968201820053,53.15726168320614,100.37755780348496
2024-01-01 12:37:00,0.20627908333592612,53.50907712795785,100.2754713825559
2024-01-01 12:38:00,0.19616944350779766,53.73162426644281,100.23149073714931
2024-01-01 12:39:00,0.21207649392791172,53.66714869932685,100.40008445143887
2024-01-01 12:40:00,0.1996354599943055,53.78940489494541,100.39403570308323
2024-01-01 12:41:00,0.2069284437027862,53.544802604545616,100.24392892114136
2024-01-01 12:42:00,0.23162375748717684,53.36955096753186,100.40718210872126
2024-01-01 12:43:00,0.20537493416969843,52.89109539762397,100.24778315624492
2024-01-01 12:44:00,0.218138937466897,53.32263845573374,100.32956008997947
2024-01-01 12:45:00,0.19992315661985643,53.16826312896392,100.37958885610004
2024-01-01 12:46:00,0.2069117941139765,54.0973077211631,100.28751231646493
2024-01-01 12:47:00,0.2252744810505139,53.41805490187307,100.32967498909795
2024-01-01 12:48:00,0.20159963356174754,53.53258581682779,100.22589344234962
2024-01-01 12:49:00,0.22629464937480775,53.68588175426179,100.25123341784634
2024-01-01 12:50:00,0.21554656965082386,53.55833672725207,100.24364593947561
2024-01-01 12:51:00,0.20314129271875875,54.0785992901575,100.18293396717378
2024-01-01 12:52:00,0.21538496876110524,53.408125334353635,100.23328239327527
2024-01-01 12:53:00,0.21907938470042404,53.67814677160457,100.08947405120034
2024-01-01 12:54:00,0.21586290402823965,53.42187602574746,100.18860461650056
2024-01-01 12:55:00,0.19423153440338586,53.273471435521614,100.2026245651642
2024-01-01 12:56:00,0.20294939785928287,53.51081681659007,100.19889424987046
2024-01-01 12:57:00,0.208030580119899,53.70811427359011,100.1937705523032
2024-01-01 12:58:00,0.21004443610767445,53.615320874177435,100.20515988329117
2024-01-01 12:59:00,0.21727650078484978,53.56127998228783,100.25270436920194
2024-01-01 13:00:00,0.21312580333822934,53.372014323446926,100.28564371941302
2024-01-01 13:01:00,0.19827236619130115,53.79388977411745,100.12665513682259
2024-01-01 13:02:00,0.21570280668869002,53.39232585937644,100.06475904643918
2024-01-01 13:03:00,0.2182797052029941,54.09668797374137,100.07432995990159
2024-01-01 13:04:00,0.21804277239274483,53.91834105576244,100.12327714619887
2024-01-01 13:05:00,0.2235216955444071,53.481290402100534,100.13027608279616
2024-01-01 13:06:00,0.2213201302422962,53.85074867208535,100.08194709396282
2024-01-01 13:07:00,0.21783772994992476,53.74282888215734,100.02282120024338
2024-01-01 13:08:00,0.2128072927771342,54.08920147491828,100.10031460008219
2024-01-01 13:09:00,0.19716036198421916,54.42056652660845,100.15757078073199
2024-01-01 13:10:00,0.21832517625220155,53.48087091947105,100.19244009024058
2024-01-01 13:11:00,0.21636289580796877,54.10293079150499,100.07071142130654
2024-01-01 13:12:00,0.21725683533763063,54.0453925193719,100.07867805402977
2024-01-01 13:13:00,0.20202659361028522,54.319852896968655,100.02083960996049
2024-01-01 13:14:00,0.2042345521598452,54.207437546804165,100.10390459135813
2024-01-01 13:15:00,0.2258256917038995,53.94292465378627,100.01575214311943
2024-01-01 13:16:00,0.21514566646768188,54.09784542039644,100.15146168391091
2024-01-01 13:17:00,0.22260129106159565,53.979809286563764,99.90912351433124
2024-01-01 13:18:00,0.21631254739251934,54.566483964086686,100.04531578876369
2024-01-01 13:19:00,0.21656802044567544,54.27514947384557,100.10496538028974
2024-01-01 13:20:00,0.22589241101898344,54.86419676074753,100.08682125224848
2024-01-01 13:21:00,0.21158626088555127,54.30073434666635,100.33133155082778
2024-01-01 13:22:00,0.21794307545449448,54.131513097272425,100.09060576563033
2024-01-01 13:23:00,0.21259230183068153,53.91503288733894,99.94882504220612
2024-01-01 13:24:00,0.2131013103950202,53.85332696152381,100.0332959405957
2024-01-01 13:25:00,0.21458380390581522,53.94415936229598,99.85883668447761
2024-01-01 13:26:00,0.22012415364467328,54.5246790825954,100.02202734861228
2024-01-01 13:27:00,0.21334066280950809,54.62230923718915,99.94041474053702
2024-01-01 13:28:00,0.23090908987872025,54.02049490266666,100.10889937693304
2024-01-01 13:29:00,0.2096268860810795,54.78853376973375,99.95605326865945
2024-01-01 13:30:00,0.2169237286047196,54.400283940225016,99.99298455773202
2024-01-01 13:31:00,0.21461268064319314,54.61442999608999,99.93476608735588
2024-01-01 13:32:00,0.2336953814533657,55.079258012594586,100.16587456009498
2024-01-01 13:33:00,0.221404832124356,54.88985328342743,99.95353949487253
2024-01-01 13:34:00,0.2299694872230453,54.565461929590505,100.16260057719902
2024-01-01 13:35:00,0.20500527683342967,54.40389309994609,100.05444786655242
2024-01-01 13:36:00,0.22273930896274088,54.05094583641327,100.0149338577185
2024-01-01 13:37:00,0.22917113293512448,54.505994232981564,99.99730163225126
2024-01-01 13:38:00,0.22130178260156874,54.683661048564886,99.9935157782062
2024-01-01 13:39:00,0.2313359695550574,54.47611630960627,99.75508307979273
2024-01-01 13:40:00,0.21570861626469878,54.758173317550806,99.91368280598812
2024-01-01 13:41:00,0.23517342868342234,54.84589644093558,100.01981422809659
2024-01-01 13:42:00,0.24426551446518768,54.78068481411598,99.92414243538279
2024-01-01 13:43:00,0.21784285906804618,54.67845186680463,99.78225328797086
2024-01-01 13:44:00,0.21720907064910489,54.94937041010206,99.91127830139105
2024-01-01 13:45:00,0.2363889390094086,55.05668794093631,100.08068208517368
2024-01-01 13:46:00,0.237839968877614,54.62232816524583,100.02871976364726
2024-01-01 13:47:00,0.2170029629448304,55.398080184182106,99.89159547901504
2024-01-01 13:48:00,0.21821518144620353,54.970587085964375,99.98671228241648
2024-01-01 13:49:00,0.21978286870779867,55.031191975520194,99.8486942716481
2024-01-01 13:50:00,0.20933806199956573,55.26338551991751,99.70874153523266
2024-01-01 13:51:00,0.21377609562993985,55.14628071139762,99.78047187335875
2024-01-01 13:52:00,0.21309945980104011,55.38766214923797,100.02300314180538
2024-01-01 13:53:00,0.21563935747730043,55.21327433656529,99.83311672031418
2024-01-01 13:54:00,0.22314517227602332,54.96883247611065,99.82998532082978
2024-01-01 13:55:00,0.2260070881121029,55.28645205351502,99.81815347184197
2024-01-01 13:56:00,0.23934110639738804,54.86033117928722,100.03237036100398
2024-01-01 13:57:00,0.21402197239629162,55.26147576868543,99.99837779721875
2024-01-01 13:58:00,0.23401640855599334,55.244408476756746,100.05149088064789
2024-01-01 13:59:00,0.22219923828478455,55.217422866614214,99.8075449905389
2024-01-01 14:00:00,0.22400871230269948,55.26678798410734,99.84685427180192
2024-01-01 14:01:00,0.23141405780950114,54.76629673230724,99.65947549057167
2024-01-01 14:02:00,0.21359945744822242,55.191747107231144,99.95268667586666
2024-01-01 14:03:00,0.22880990182993696,55.409742138903844,99.68207428469276
2024-01-01 14:04:00,0.2268077758923663,55.455380660537905,99.81439427500784
2024-01-01 14:05:00,0.23022354960771718,55.12466729009044,99.6768563701082
2024-01-01 14:06:00,0.2283448514233738,55.838239318517466,99.72157522280477
2024-01-01 14:07:00,0.2501586505688366,55.224242719275594,99.69061627604844
2024-01-01 14:08:00,0.2193791011553126,55.800511643826894,99.70744089029168
2024-01-01 14:09:00,0.22059576255569993,55.66342323318372,99.70820727900986
2024-01-01 14:10:00,0.21982194902835597,55.36699833194594,99.70118899055328
2024-01-01 14:11:00,0.22064460832696936,56.11907258030248,99.83325072146573
2024-01-01 14:12:00,0.2199699486303423,55.254012265697355,99.63333760228119
2024-01-01 14:13:00,0.23837685303645303,55.91348481255617,99.75978961795703
2024-01-01 14:14:00,0.24083303789990285,55.96355977085814,99.85344797760936
2024-01-01 14:15:00,0.22106029264132657,55.48785682431482,99.67425395737028
2024-01-01 14:16:00,0.21858242521707233,56.13245161188502,99.64770813115412
2024-01-01 14:17:00,0.2317568399915118,55.665378551881034,99.69037882950988
2024-01-01 14:18:00,0.22165564862656234,55.852692455054836,99.82533988026677
2024-01-01 14:19:00,0.23364089625367643,55.86988417929121,99.7207189355314
2024-01-01 14:20:00,0.22947302500880465,55.777209693465046,99.64213225137112
2024-01-01 14:21:00,0.2124171015925338,56.08647093815087,99.73759149931625
2024-01-01 14:22:00,0.24317888756356545,56.107012689622294,99.57292936692183
2024-01-01 14:23:00,0.2457904637475353,55.370155600315606,99.74525382416888
2024-01-01 14:24:00,0.2218302241737533,56.31177790988981,99.7119423875916
2024-01-01 14:25:00,0.2242061062168407,55.447500435307894,99.63426903464912
2024-01-01 14:26:00,0.23106538735785498,56.28179566142153,99.57516391667421
2024-01-01 14:27:00,0.23167352824280854,56.33583870674189,99.56433135723537
2024-01-01 14:28:00,0.23503525971952385,55.6963442225538,99.70046242241364
2024-01-01 14:29:00,0.24867136342446236,55.9262084943924,99.76386421270497
2024-01-01 14:30:00,0.22691800597218814,55.74357167522349,99.57122504359498
2024-01-01 14:31:00,0.22082134008466314,56.03664874980602,99.67478827427662
2024-01-01 14:32:00,0.21512664364426515,56.03456846690373,99.41424476490032
2024-01-01 14:33:00,0.22172476320073986,56.38674233696835,99.5584875810017
2024-01-01 14:34:00,0.22881574112806857,56.5718139795373,99.6078493196285
2024-01-01 14:35:00,0.2472042717570845,56.623315451768775,99.51399664850388
2024-01-01 14:36:00,0.2241930129591495,56.06186064864151,99.50532799517075
2024-01-01 14:37:00,0.2317162045350039,56.19365705836913,99.52621813116266
2024-01-01 14:38:00,0.2294220771708597,55.77731656274405,99.61623657189588
2024-01-01 14:39:00,0.24157701794707295,56.06652325636982,99.56230931378478
2024-01-01 14:40:00,0.255068002564732,56.62368789780053,99.35124765921356
2024-01-01 14:41:00,0.22459441384555906,56.84486728148953,99.35703293044939
2024-01-01 14:42:00,0.2251119768736548,56.01585971347548,99.50245213306816
2024-01-01 14:43:00,0.24055011264420983,56.23440897073027,99.60294650214483
2024-01-01 14:44:00,0.23702843070408455,56.43022234611077,99.27646998491271
2024-01-01 14:45:00,0.24877649698018048,56.54820021501678,99.49529345543887
2024-01-01 14:46:00,0.23624752620325187,56.24729059288232,99.48669101460688
2024-01-01 14:47:00,0.22691307362167212,56.64342174856706,99.67220217358498
2024-01-01 14:48:00,0.2365092395156436,56.40009543962217,99.48892202321906
2024-01-01 14:49:00,0.24178538724595267,56.563967410107125,99.55978206928839
2024-01-01 14:50:00,0.23899781419196747,56.7582562691744,99.52967095358137
2024-01-01 14:51:00,0.23595937159757446,56.622377651257366,99.29655370708343
2024-01-01 14:52:00,0.2416460324139108,56.5156272668958,99.5804991832154
2024-01-01 14:53:00,0.24276392843584327,56.639764260573166,99.51928915371292
2024-01-01 14:54:00,0.24498329979053907,56.672254601099894,99.5426502878768
2024-01-01 14:55:00,0.23773861408877348,56.61388860157386,99.87852393829405
2024-01-01 14:56:00,0.22966922546808466,56.67339366283143,99.2715683841872
2024-01-01 14:57:00,0.23289553775277905,57.256779367837986,99.64653156396902
2024-01-01 14:58:00,0.24358060665233552,56.9716259643277,99.43940202178106
2024-01-01 14:59:00,0.22343241586844725,56.740883139936415,99.49096713614708
2024-01-01 15:00:00,0.23537391884707587,57.06480286787184,99.45177303368962
2024-01-01 15:01:00,0.2278383865849986,56.7817722298663,99.407993121077
2024-01-01 15:02:00,0.23214300592080478,57.260069230466485,99.38752838452062
2024-01-01 15:03:00,0.24472307167792975,57.045250504086376,99.47155984349862
2024-01-01 15:04:00,0.23393176989239023,56.928405467711165,99.28099120537347
2024-01-01 15:05:00,0.23256662015365923,57.12116172249361,99.50186835212511
2024-01-01 15:06:00,0.21858443659648447,56.5418466141175,99.37929505307996
2024-01-01 15:07:00,0.23972556352294033,56.70135432669186,99.30201375825584
2024-01-01 15:08:00,0.2387972047719283,56.707494476893565,99.36412768778501
2024-01-01 15:09:00,0.25405356932162815,57.13485463338749,99.5289542018738
2024-01-01 15:10:00,0.22942124175364434,57.63803825621264,99.34381804552196
2024-01-01 15:11:00,0.2347678912030081,57.813998187156166,99.42731109968112
2024-01-01 15:12:00,0.23514696938113167,57.36236020613491,99.31248614560833
2024-01-01 15:13:00,0.24850380980156286,57.34754730570523,99.45549178717536
2024-01-01 15:14:00,0.23185188509001406,56.68333809494318,99.44236994066912
2024-01-01 15:15:00,0.23567005719750114,57.087227100707686,99.55280129217422
2024-01-01 15:16:00,0.2390332659009313,57.04008032268066,99.3445068755654
2024-01-01 15:17:00,0.2348943275137126,57.11655976699435,99.42305317277504
2024-01-01 15:18:00,0.22863733155814095,57.27878189779736,99.36012037097774
2024-01-01 15:19:00,0.235115514376345,57.214021273438576,99.47402816403623
2024-01-01 15:20:00,0.24398341343946556,56.78829432095682,99.26668650151315
2024-01-01 15:21:00,0.22305397866414972,57.63290557933833,99.40720035301885
2024-01-01 15:22:00,0.23472043785968189,57.113170261180514,99.30736144198558
2024-01-01 15:23:00,0.22646073573263345,57.533240329044624,99.3145449134812
2024-01-01 15:24:00,0.2454832258409132,58.11017661238718,99.3242726902262
2024-01-01 15:25:00,0.2183713387199716,57.2386344223009,99.33445628422258
2024-01-01 15:26:00,0.22808408973516542,56.78187398354177,99.29174517644171
2024-01-01 15:27:00,0.2375151993347256,57.48168187196389,99.31897620974061
2024-01-01 15:28:00,0.2494677849337559,57.92430638975086,99.44945442342201
2024-01-01 15:29:00,0.23322421754498524,58.208070563478124,99.38432616907839
2024-01-01 15:30:00,0.22839863166474772,57.27826174843867,99.36683604022465
2024-01-01 15:31:00,0.25283085549527745,57.82270916896231,99.22850674740039
2024-01-01 15:32:00,0.21960757461558386,57.56069151956959,99.17927741570742
2024-01-01 15:33:00,0.21216787370146356,57.69509788774876,99.3578729732808
2024-01-01 15:34:00,0.23862410814543644,58.546795621522385,99.34408957690825
2024-01-01 15:35:00,0.22927128242714084,57.32922423102151,99.39789444754723
2024-01-01 15:36:00,0.224147208109788,57.882872431349114,99.18437224263558
2024-01-01 15:37:00,0.24151068290026195,57.97370618120906,99.21595874870549
2024-01-01 15:38:00,0.23693259821092577,58.18579431922571,99.06910883153482
2024-01-01 15:39:00,0.22892118788654095,57.91612605669082,99.18795403603758
2024-01-01 15:40:00,0.22182624378657226,58.00583145949058,99.3210023026303
2024-01-01 15:41:00,0.24342112508501768,57.8226194134173,99.1688399654034
2024-01-01 15:42:00,0.24126579805613838,58.0475622516546,99.27368182217148
2024-01-01 15:43:00,0.23383925255728794,57.890589172207335,99.1847278996905
2024-01-01 15:44:00,0.2533646165180323,58.20675360732023,99.2303282498061
2024-01-01 15:45:00,0.22426466469941714,57.9361466246691,99.07729765449322
2024-01-01 15:46:00,0.21977757689686422,58.1869200277516,99.1947318354727
2024-01-01 15:47:00,0.22818113457965924,58.09178374760979,98.8812411817505
2024-01-01 15:48:00,0.2347118321997781,58.46516284586002,99.15580878341478
2024-01-01 15:49:00,0.23766867432845573,58.13872732767437,99.00559436808328
2024-01-01 15:50:00,0.23289063707909016,57.64904587173921,99.28338405095553
2024-01-01 15:51:00,0.23889141974620948,58.58635472099967,99.23466779585158
2024-01-01 15:52:00,0.2229235098989931,57.96289372773849,99.19773611530005
2024-01-01 15:53:00,0.24994477869628517,58.06533114942352,99.29731103244993
2024-01-01 15:54:00,0.23475405944049668,58.10962277850449,99.04445952725762
2024-01-01 15:55:00,0.24681719804177366,58.72752518960398,99.3082275866143
2024-01-01 15:56:00,0.23914041147913212,57.70137656787544,99.22084976953929
2024-01-01 15:57:00,0.24034987811476213,59.31030093399796,99.0981136304539
2024-01-01 15:58:00,0.2415494960552742,58.712703425486936,99.2294688607285
2024-01-01 15:59:00,0.2403986953792221,58.48978052821927,98.99941426341336
2024-01-01 16:00:00,0.24241895284378107,58.433275582353716,99.02172799003472
2024-01-01 16:01:00,0.24935371466314363,58.56235738558564,99.03745518940738
2024-01-01 16:02:00,0.2380982335020371,58.65998771863926,99.03955005164805
2024-01-01 16:03:00,0.24329427978960005,58.72418793337948,98.98092456529758
2024-01-01 16:04:00,0.2353785132452284,58.724289299089946,99.2030199310666
2024-01-01 16:05:00,0.25074909744212204,58.61147929302803,99.04895620808998
2024-01-01 16:06:00,0.2296565040084376,58.552413112721894,99.10422083909751
2024-01-01 16:07:00,0.2545027992134893,58.59325461750222,99.00606251155793
2024-01-01 16:08:00,0.2361652687726971,58.60719848840931,98.87516317738395
2024-01-01 16:09:00,0.22233305556903504,59.032848769825705,99.07835359738311
2024-01-01 16:10:00,0.23799633329312983,58.89784391592499,98.85424515460338
2024-01-01 16:11:00,0.22997979863980306,57.86473184912247,99.03272841633445
2024-01-01 16:12:00,0.24527233951133337,58.970702585839334,98.89687980582578
2024-01-01 16:13:00,0.2304158349350484,58.85944948869468,99.22655666021339
2024-01-01 16:14:00,0.23255701210746077,58.822524635437226,99.11308128682828
2024-01-01 16:15:00,0.21820083089167783,58.73870270357398,99.02663449380157
2024-01-01 16:16:00,0.23265120580322884,59.21962536769958,99.13654197033291
2024-01-01 16:17:00,0.2130141644762494,59.19379512734469,98.91964992271456
2024-01-01 16:18:00,0.22149329506011012,58.704831839585026,99.05273764848137
2024-01-01 16:19:00,0.2450165310001441,59.085981080625395,99.01247685874792
2024-01-01 16:20:00,0.24535116147638614,58.699550920817096,99.01300178532124
2024-01-01 16:21:00,0.24182924391105476,58.60435731906631,99.10793688859732
2024-01-01 16:22:00,0.22798716678880374,58.85743469727113,99.04805025248507
2024-01-01 16:23:00,0.2372628446053915,59.331387259212505,98.9977705970667
2024-01-01 16:24:00,0.23778775116170553,59.385838328240915,98.7975043035331
2024-01-01 16:25:00,0.2263247548259869,59.281070269338834,98.86108080473764
2024-01-01 16:26:00,0.25302783494012543,59.371929426561245,98.9389044418049
2024-01-01 16:27:00,0.24685376824922875,59.336522429013236,98.95459993044207
2024-01-01 16:28:00,0.23595765833558524,59.0165049082124,98.82632707862281
2024-01-01 16:29:00,0.23852419251041368,59.36581877165975,99.1745972203401
2024-01-01 16:30:00,0.24042809348156108,59.50366965062659,99.07914834712435
2024-01-01 16:31:00,0.21801676306362183,59.51715112556614,98.98179739320867
2024-01-01 16:32:00,0.23605311707022555,59.674866805528204,98.92286304137401
2024-01-01 16:33:00,0.23179677800915416,59.558025134443355,98.88850937071516
2024-01-01 16:34:00,0.22869311797931985,59.478321732006805,98.80860639655187
2024-01-01 16:35:00,0.23599199818648628,59.721297718192645,98.90561127578026
2024-01-01 16:36:00,0.25687455222281746,59.419673717294245,98.91770041011172
2024-01-01 16:37:00,0.2454018214615488,59.190457203113816,98.761807925918
2024-01-01 16:38:00,0.23337834605286276,59.43350105107671,98.91345729230193
2024-01-01 16:39:00,0.24491376112127577,59.28636390998188,98.858566197232
